<?xml version="1.0" encoding="UTF-8"?>
<binding:binding id="shelly" xmlns:xsi="http://www.w3.org/2001/XMLSchema-instance"
	xmlns:binding="https://openhab.org/schemas/binding/v1.0.0"
	xsi:schemaLocation="https://openhab.org/schemas/binding/v1.0.0 https://openhab.org/schemas/binding-1.0.0.xsd">

	<name>Shelly Binding</name>
	<description>This binding supports the Shelly series of devices.</description>
	<author>Markus Michels</author>

	<config-description>
		<parameter name="defaultUserId" type="text">
			<default>admin</default>
			<label>Default User</label>
			<description>Default userId to access protected Shelly devices.</description>
		</parameter>
		<parameter name="defaultPassword" type="text">
			<default>admin</default>
			<label>Default Password</label>
			<description>Default password to access protected Shelly devices.</description>
		</parameter>
		<parameter name="autoCoIoT" type="boolean">
			<default>true</default>
			<label>Auto-enable CoIoT</label>
			<description>True: Enable CoIoT events by default when firmware 1.6+ is detected</description>
		</parameter>
	</config-description>

</binding:binding>
