<?xml version="1.0" encoding="UTF-8"?>
<thing:thing-descriptions bindingId="shelly"
	xmlns:xsi="http://www.w3.org/2001/XMLSchema-instance"
	xmlns:thing="https://openhab.org/schemas/thing-description/v1.0.0"
	xsi:schemaLocation="https://openhab.org/schemas/thing-description/v1.0.0 https://openhab.org/schemas/thing-description-1.0.0.xsd">

	<channel-group-type id="deviceStatus">
		<label>Device Status</label>
		<description>Information about the device status</description>
		<channels>
			<channel id="alarm" typeId="alarmTrigger"/>
			<channel id="wifiSignal" typeId="system.signal-strength"/>
			<channel id="uptime" typeId="uptime"/>
		</channels>
	</channel-group-type>

	<channel-type id="alarmTrigger">
		<kind>trigger</kind>
		<label>Alarm</label>
		<description>Alarm Trigger, e.g. weak WiFi Signal detected or over heating.</description>
		<event>
			<options>
				<option value="NONE">None</option>
				<option value="WEAK_SIGNAL">Weak WiFi</option>
				<option value="RESTARTED">Device restarted</option>
				<option value="OVERTEMP">Device is overheating</option>
				<option value="OVERLOAD">Device is overloaded</option>
				<option value="OVERPOWER">Device is over max power</option>
				<option value="LOAD_ERROR">Load error</option>
				<option value="LOW_BATTERY">Low battery</option>
				<option value="BATTERY">Wakeup by battery</option>
				<option value="POWERON">Device was powered on</option>
				<option value="BUTTON">Button was pressed</option>
				<option value="SENSOR">Sensor data updated</option>
			</options>
		</event>
	</channel-type>
	<channel-type id="sensorWakeup" advanced="true">
		<item-type>String</item-type>
		<label>Wakeup Reason</label>
		<description>Last reason, which woke up the device</description>
		<state pattern="%s" readOnly="true">
			<options>
				<option value="button">Button</option>
				<option value="battery">Battery</option>
				<option value="periodic">Periodic</option>
				<option value="poweron">Power-On</option>
				<option value="sensor">Sensor</option>
				<option value="alarm">Alarm</option>
				<option value="ext_power">Charger connected</option>
			</options>
		</state>
	</channel-type>
	<channel-type id="deviceName">
		<item-type>String</item-type>
		<label>@text/channel-type.shelly.deviceName.label</label>
		<description>@text/channel-type.shelly.deviceName.description</description>
		<state readOnly="true">
		</state>
	</channel-type>
	<channel-type id="charger" advanced="true">
		<item-type>Switch</item-type>
		<label>Charger Connected</label>
		<description>ON: Device is charging, OFF: No charger connected</description>
		<state readOnly="true">
		</state>
	</channel-type>
	<channel-type id="externalPower" advanced="true">
		<item-type>Switch</item-type>
		<label>External Power</label>
		<description>ON: External power is connected</description>
		<state readOnly="true">
		</state>
	</channel-type>
	<channel-type id="uptime" advanced="true">
		<item-type>Number:Time</item-type>
		<label>Uptime</label>
		<description>Number of seconds since the device was powered up</description>
		<state readOnly="true" pattern="%.0f %unit%">
		</state>
	</channel-type>
	<channel-type id="heartBeat" advanced="true">
		<item-type>DateTime</item-type>
		<label>Last Heartbeat</label>
		<description>Last time we received a signal from the device (API result or sensor report), This indicates that device
			communication works on the network layer (WiFi + IP).</description>
		<state readOnly="true">
		</state>
	</channel-type>
	<channel-type id="updateAvailable" advanced="true">
		<item-type>Switch</item-type>
		<label>Update available</label>
		<description>ON: A firmware update is available (use Shelly App to perform update)</description>
		<state readOnly="true">
		</state>
	</channel-type>
	<channel-type id="deviceTemp" advanced="true">
		<item-type>Number:Temperature</item-type>
		<label>Internal Temperature</label>
		<description>Internal device temperature, helps to detect overheating due to installation issues</description>
		<category>Temperature</category>
		<tags>
			<tag>CurrentTemperature</tag>
		</tags>
		<state readOnly="true" pattern="%.0f %unit%">
		</state>
	</channel-type>
	<channel-type id="selfTest">
		<item-type>String</item-type>
		<label>Self Test</label>
		<description>Self Test Status/Result</description>
		<state pattern="%s" readOnly="true">
			<options>
				<option value="not_completed">Not completed</option>
				<option value="completed">Completed</option>
				<option value="running">Running</option>
				<option value="pending">Pending</option>
			</options>
		</state>
	</channel-type>

</thing:thing-descriptions>
