<?xml version="1.0" encoding="UTF-8"?>
<thing:thing-descriptions bindingId="shelly"
	xmlns:xsi="http://www.w3.org/2001/XMLSchema-instance"
	xmlns:thing="https://openhab.org/schemas/thing-description/v1.0.0"
	xsi:schemaLocation="https://openhab.org/schemas/thing-description/v1.0.0 https://openhab.org/schemas/thing-description-1.0.0.xsd">

	<thing-type id="shellydevice">
		<label>Shelly Device</label>
		<description>A password protected or unknown device.</description>

		<representation-property>deviceName</representation-property>
		<config-description>
			<parameter name="userId" type="text" required="true">
				<label>UserID</label>
				<description>User ID for API access.</description>
			</parameter>
			<parameter name="password" type="text" required="true">
				<label>Password</label>
				<description>Password for API access.</description>
				<context>password</context>
			</parameter>
			<parameter name="deviceIp" type="text" required="true">
				<label>IP Address</label>
				<description>IP Address of the Shelly device.</description>
				<context>network-address</context>
			</parameter>
		</config-description>

	</thing-type>

	<thing-type id="shellyunknown">
		<label>Unknown Shelly Device</label>
		<description>This device is currently not supported</description>
		<representation-property>deviceName</representation-property>
	</thing-type>

</thing:thing-descriptions>
