<?xml version="1.0" encoding="UTF-8"?>
<binding:binding id="shelly" xmlns:xsi="http://www.w3.org/2001/XMLSchema-instance"
	xmlns:binding="https://openhab.org/schemas/binding/v1.0.0"
	xsi:schemaLocation="https://openhab.org/schemas/binding/v1.0.0 https://openhab.org/schemas/binding-1.0.0.xsd">

	<name>Shelly Binding</name>
	<description>This binding supports the Shelly series of devices.</description>
	<author>Markus Michels</author>

	<config-description uri="binding:shelly">
		<parameter name="defaultUserId" type="text">
			<default>admin</default>
			<label>@text/binding.shelly.config.defaultUserId.label</label>
			<description>@text/binding.shelly.config.defaultUserId.description</description>
		</parameter>
		<parameter name="defaultPassword" type="text">
			<default>admin</default>
			<label>@text/binding.shelly.config.defaultPassword.label</label>
			<description>@text/binding.shelly.config.defaultPassword.description</description>
		</parameter>
		<parameter name="localIP" type="text">
			<label>@text/binding.shelly.config.localIP.label</label>
			<description>@text/binding.shelly.config.localIP.description</description>
			<default></default>
		</parameter>
		<parameter name="autoCoIoT" type="boolean">
			<default>true</default>
			<label>@text/binding.shelly.config.autoCoIoT.label</label>
			<description>@text/binding.shelly.config.autoCoIoT.description</description>
		</parameter>
	</config-description>

</binding:binding>
