<?xml version="1.0" encoding="UTF-8"?>
<thing:thing-descriptions bindingId="shelly"
	xmlns:xsi="http://www.w3.org/2001/XMLSchema-instance"
	xmlns:thing="https://openhab.org/schemas/thing-description/v1.0.0"
	xsi:schemaLocation="https://openhab.org/schemas/thing-description/v1.0.0 https://openhab.org/schemas/thing-description-1.0.0.xsd">

	<thing-type id="shelly1">
		<label>Shelly1 (SHSW-1)</label>
		<description>Shelly1 device with a single relay</description>
		<channel-groups>
			<channel-group id="relay" typeId="relayChannel"/>
			<channel-group id="sensors" typeId="externalSensors"/>
			<channel-group id="device" typeId="deviceStatus"/>
		</channel-groups>

		<representation-property>deviceName</representation-property>
		<config-description-ref uri="thing-type:shelly:relay"/>
	</thing-type>

	<thing-type id="shelly1l">
		<label>Shelly 1L (SHSW-L)</label>
		<description>Shelly 1L device with a single relay</description>
		<channel-groups>
			<channel-group id="relay" typeId="relayChannel"/>
			<channel-group id="meter" typeId="meter"/>
			<channel-group id="sensors" typeId="externalSensors"/>
			<channel-group id="device" typeId="deviceStatus"/>
		</channel-groups>

		<representation-property>deviceName</representation-property>
		<config-description-ref uri="thing-type:shelly:relay"/>
	</thing-type>

	<thing-type id="shelly1pm">
		<label>Shelly1PM (SHSW-PM)</label>
		<description>Shelly1PM device with single relay and power meter</description>
		<channel-groups>
			<channel-group id="relay" typeId="relayChannel"/>
			<channel-group id="meter" typeId="meter"/>
			<channel-group id="sensors" typeId="externalSensors"/>
			<channel-group id="device" typeId="deviceStatus"/>
		</channel-groups>

		<representation-property>deviceName</representation-property>
		<config-description-ref uri="thing-type:shelly:relay"/>
	</thing-type>

	<thing-type id="shellyem">
		<label>ShellyEM (SHEM)</label>
		<description>Shelly EM device with single relay and power meter</description>
		<channel-groups>
			<channel-group id="meter1" typeId="meter">
				<label>Power Meter 1</label>
			</channel-group>
			<channel-group id="meter2" typeId="meter">
				<label>Power Meter 2</label>
			</channel-group>
			<channel-group id="relay" typeId="relayChannel"/>
			<channel-group id="device" typeId="deviceStatus"/>
		</channel-groups>

		<representation-property>deviceName</representation-property>
		<config-description-ref uri="thing-type:shelly:relay"/>
	</thing-type>

	<!-- Shelly 3EM - device reports wrong service name: shellyem3, see README -->
	<thing-type id="shellyem3">
		<label>Shelly 3EM (SHEM-3)</label>
		<description>Shelly 3EM device with 3 power meters and a relay (thing name is shellyem3, see README)</description>
		<channel-groups>
			<channel-group id="meter1" typeId="meter">
				<label>Power Meter 1</label>
			</channel-group>
			<channel-group id="meter2" typeId="meter">
				<label>Power Meter 2</label>
			</channel-group>
			<channel-group id="meter3" typeId="meter">
				<label>Power Meter 3</label>
			</channel-group>
			<channel-group id="relay" typeId="relayChannel"/>
			<channel-group id="device" typeId="deviceStatus"/>
		</channel-groups>

		<representation-property>deviceName</representation-property>
		<config-description-ref uri="thing-type:shelly:relay"/>
	</thing-type>

	<thing-type id="shelly2-relay">
		<label>Shelly2 Relay (SHSW-21)</label>
		<description>Shelly2 device with two relays</description>

		<channel-groups>
			<channel-group id="relay1" typeId="relayChannel">
				<label>Relay 1</label>
			</channel-group>
			<channel-group id="relay2" typeId="relayChannel">
				<label>Relay 2</label>
			</channel-group>
			<channel-group id="meter" typeId="meter"/>
			<channel-group id="device" typeId="deviceStatus"/>
		</channel-groups>

		<representation-property>deviceName</representation-property>
		<config-description-ref uri="thing-type:shelly:relay"/>
	</thing-type>

	<thing-type id="shelly2-roller">
		<label>Shelly2 Roller (SHSW-21)</label>
		<description>Shelly2 in Roller Mode</description>

		<channel-groups>
			<channel-group id="roller" typeId="rollerControl"/>
			<channel-group id="meter" typeId="meter"/>
			<channel-group id="device" typeId="deviceStatus"/>
		</channel-groups>

		<representation-property>deviceName</representation-property>
		<config-description-ref uri="thing-type:shelly:roller"/>
	</thing-type>

	<thing-type id="shelly25-relay">
		<label>Shelly2.5 Relay (SHSW-25)</label>
		<description>Shelly2.5 device with two relays, 2 meters</description>
		<channel-groups>
			<channel-group id="relay1" typeId="relayChannel">
				<label>Relay 1</label>
			</channel-group>
			<channel-group id="meter1" typeId="meter">
				<label>Power Meter 1</label>
			</channel-group>
			<channel-group id="relay2" typeId="relayChannel">
				<label>Relay 2</label>
			</channel-group>
			<channel-group id="meter2" typeId="meter">
				<label>Power Meter 2</label>
			</channel-group>
			<channel-group id="device" typeId="deviceStatus"/>
		</channel-groups>

		<representation-property>deviceName</representation-property>
		<config-description-ref uri="thing-type:shelly:relay"/>
	</thing-type>

	<thing-type id="shelly25-roller">
		<label>Shelly2.5 Roller (SHSW-25)</label>
		<description>Shelly2 in Roller Mode</description>

		<channel-groups>
			<channel-group id="roller" typeId="rollerControl"/>
			<channel-group id="meter" typeId="meter"/>
			<channel-group id="device" typeId="deviceStatus"/>
		</channel-groups>

		<representation-property>deviceName</representation-property>
		<config-description-ref uri="thing-type:shelly:roller"/>
	</thing-type>

	<thing-type id="shelly4pro">
		<label>Shelly4 Pro Relay (SHSW-44)</label>
		<description>Shelly4Pro device with 4 relays</description>

		<channel-groups>
			<channel-group id="relay1" typeId="relayChannel">
				<label>Relay 1</label>
			</channel-group>
			<channel-group id="meter1" typeId="meter">
				<label>Power Meter 1</label>
			</channel-group>
			<channel-group id="relay2" typeId="relayChannel">
				<label>Relay 2</label>
			</channel-group>
			<channel-group id="meter2" typeId="meter">
				<label>Power Meter 2</label>
			</channel-group>
			<channel-group id="relay3" typeId="relayChannel">
				<label>Relay 3</label>
			</channel-group>
			<channel-group id="meter3" typeId="meter">
				<label>Power Meter 3</label>
			</channel-group>
			<channel-group id="relay4" typeId="relayChannel">
				<label>Relay 4</label>
			</channel-group>
			<channel-group id="meter4" typeId="meter">
				<label>Power Meter 4</label>
			</channel-group>
			<channel-group id="device" typeId="deviceStatus"/>
		</channel-groups>

		<representation-property>deviceName</representation-property>
		<config-description-ref uri="thing-type:shelly:relay"/>
	</thing-type>

	<thing-type id="shellyplug">
		<label>Shelly Plug</label>
		<description>Shelly Plug device with relay and power meter</description>
		<channel-groups>
			<channel-group id="relay" typeId="relayChannelPlug"/>
			<channel-group id="meter" typeId="meter"/>
			<channel-group id="device" typeId="deviceStatus"/>
		</channel-groups>

		<representation-property>deviceName</representation-property>
		<config-description-ref uri="thing-type:shelly:relay"/>
	</thing-type>

	<thing-type id="shellyplugs">
		<label>Shelly Plug-S (SHPLG-S)</label>
		<description>Shelly Plug-S with relay, meter and LED control</description>

		<channel-groups>
			<channel-group id="relay" typeId="relayChannelPlug"/>
			<channel-group id="meter" typeId="meter"/>
			<channel-group id="device" typeId="deviceStatus"/>
		</channel-groups>

		<representation-property>deviceName</representation-property>
		<config-description-ref uri="thing-type:shelly:relay"/>
	</thing-type>

	<thing-type id="shellyplugu1">
		<label>Shelly Plug US (SHPLG-U1)</label>
		<description>Shelly Plug US with relay and meter</description>

		<channel-groups>
			<channel-group id="relay" typeId="relayChannelPlug"/>
			<channel-group id="meter" typeId="meter"/>
			<channel-group id="device" typeId="deviceStatus"/>
		</channel-groups>

		<representation-property>deviceName</representation-property>
		<config-description-ref uri="thing-type:shelly:relay"/>
	</thing-type>

	<thing-type id="shellyuni">
		<label>Shelly UNI (SHUNI-2)</label>
		<description>Embedded Shelly device</description>

		<channel-groups>
			<channel-group id="relay1" typeId="relayChannel">
				<label>Relay 1</label>
			</channel-group>
			<channel-group id="relay2" typeId="relayChannel">
				<label>Relay 2</label>
			</channel-group>
			<channel-group id="sensors" typeId="sensorData"/>
			<channel-group id="device" typeId="deviceStatus"/>
		</channel-groups>

		<representation-property>deviceName</representation-property>
		<config-description-ref uri="thing-type:shelly:relay"/>
	</thing-type>

	<thing-type id="shellydimmer">
		<label>Shelly Dimmer (SHDM-1)</label>
		<description>Shelly Dimmer</description>
		<category>DimmableLight</category>
		<channel-groups>
			<channel-group id="relay" typeId="dimmerChannel"/>
			<channel-group id="meter" typeId="meter"/>
			<channel-group id="device" typeId="deviceStatus"/>
		</channel-groups>

		<representation-property>deviceName</representation-property>
		<config-description-ref uri="thing-type:shelly:dimmer"/>
	</thing-type>

	<thing-type id="shellydimmer2">
		<label>Shelly Dimmer 2 (SHDM-2)</label>
		<description>Shelly Dimmer 2</description>
		<category>DimmableLight</category>
		<channel-groups>
			<channel-group id="relay" typeId="dimmerChannel"/>
			<channel-group id="meter" typeId="meter"/>
			<channel-group id="device" typeId="deviceStatus"/>
		</channel-groups>

		<representation-property>deviceName</representation-property>
		<config-description-ref uri="thing-type:shelly:dimmer"/>
	</thing-type>

	<thing-type id="shellyix3">
		<label>Shelly ix3 (SHIX3-1)</label>
		<description>Shelly i3 Device with 3 inputs</description>
		<channel-groups>
			<channel-group id="status1" typeId="ix3Channel"/>
			<channel-group id="status2" typeId="ix3Channel"/>
			<channel-group id="status3" typeId="ix3Channel"/>
			<channel-group id="device" typeId="deviceStatus"/>
		</channel-groups>

		<representation-property>deviceName</representation-property>
		<config-description-ref uri="thing-type:shelly:relay"/>
	</thing-type>

	<thing-type id="shellyuni">
		<label>Shelly UNI (SHUNI-1)</label>
		<description>Shelly UNI device</description>
		<channel-groups>
			<channel-group id="relay1" typeId="relayChannel"/>
			<channel-group id="relay2" typeId="relayChannel"/>
			<channel-group id="device" typeId="deviceStatus"/>
		</channel-groups>

		<representation-property>deviceName</representation-property>
		<config-description-ref uri="thing-type:shelly:relay"/>
	</thing-type>

	<channel-group-type id="relayChannel">
		<label>Relay</label>
		<description>A Shelly relay channel</description>
	</channel-group-type>
	<channel-group-type id="relayChannelPlug">
		<label>Relay</label>
		<description>A Shelly relay channel</description>
	</channel-group-type>
	<channel-group-type id="dimmerChannel">
		<label>Dimmer</label>
		<description>A Shelly Dimmer channel</description>
	</channel-group-type>
	<channel-group-type id="ix3Channel">
		<label>Input</label>
		<description>Input Status</description>
	</channel-group-type>
	<channel-group-type id="rollerControl">
		<label>Roller Control</label>
		<description>Controlling the roller mode</description>
	</channel-group-type>
	<channel-group-type id="meter">
		<label>Power Meter</label>
		<description>Power consumption for the relay</description>
	</channel-group-type>
	<channel-group-type id="externalSensors">
		<label>External Sensors</label>
		<description>Temperatures from external sensors connected to the optional Addon</description>
	</channel-group-type>

	<channel-type id="outputName">
		<item-type>String</item-type>
		<label>@text/channel-type.shelly.outputName.label</label>
		<description>@text/channel-type.shelly.outputName.description</description>
		<state readOnly="true">
		</state>
	</channel-type>
	<channel-type id="timerAutoOn" advanced="true">
		<item-type>Number:Time</item-type>
		<label>Auto-ON Timer</label>
		<description>ON: After the output was turned off it turns on automatically after xx seconds; 0 disables the timer</description>
		<state min="0" step="1" pattern="%.0f %unit%" readOnly="false"></state>
	</channel-type>
	<channel-type id="timerAutoOff" advanced="true">
		<item-type>Number:Time</item-type>
		<label>Auto-OFF Timer</label>
		<description>ON: After the output was turned on it turns off automatically after xx seconds; 0 disables the timer</description>
		<state min="0" step="1" pattern="%.0f %unit%" readOnly="false"></state>
	</channel-type>
	<channel-type id="timerActive" advanced="true">
		<item-type>Switch</item-type>
		<label>Auto ON/OFF timer active</label>
		<description>ON: A timer is active, OFF: no timer active</description>
		<state readOnly="true">
		</state>
	</channel-type>
	<channel-type id="rollerShutter">
		<item-type>Rollershutter</item-type>
		<label>Roller Control (0=open, 100=closed))</label>
		<description>Controls the roller</description>
		<category>Blinds</category>
	</channel-type>
	<channel-type id="rollerPosition" advanced="true">
		<item-type>Dimmer</item-type>
		<label>Roller Position (100=open, 0=closed)</label>
		<description>Position the roller (100..0 in %, where 100%=open, 0%=closed)</description>
		<state readOnly="false" min="0" max="100" pattern="%.0f %%"/>
	</channel-type>
	<channel-type id="rollerFavorite">
		<item-type>Number</item-type>
		<label>Position Favorite</label>
		<description>Set roller position by selecting favorite 1-4 (needs to be defined in the Shelly App, 0=n/a)</description>
		<state readOnly="false" min="0" max="4"/>
	</channel-type>
	<channel-type id="rollerState">
		<item-type>String</item-type>
		<label>State</label>
		<description>State of the roller (open/close/stop)</description>
		<state readOnly="true">
			<options>
				<option value="open">opening</option>
				<option value="close">closing</option>
				<option value="stop">stopped</option>
			</options>
		</state>
	</channel-type>
	<channel-type id="rollerStop">
		<item-type>String</item-type>
		<label>Roller stop reason</label>
		<description>Last cause for stopping: normal, safety switch, obstacle</description>
		<state readOnly="true">
			<options>
				<option value="normal">normal</option>
				<option value="safety_switch">safety switch</option>
				<option value="obstacle">obstacle detected</option>
			</options>
		</state>
	</channel-type>
	<channel-type id="rollerDirection">
		<item-type>String</item-type>
		<label>Last Roller Direction</label>
		<description>Last direction: open or close</description>
		<state readOnly="true">
			<options>
				<option value="open">open</option>
				<option value="close">close</option>
				<option value="stop">stopped</option>
			</options>
		</state>
	</channel-type>
	<channel-type id="rollerSafety" advanced="true">
		<item-type>Switch</item-type>
		<label>Safety Switch</label>
		<description>Status of the safety switch</description>
		<state readOnly="true">
		</state>
	</channel-type>
	<channel-type id="inputState">
		<item-type>Switch</item-type>
		<label>Input</label>
		<description>Input/Button state</description>
		<state readOnly="true">
		</state>
	</channel-type>
	<channel-type id="inputState1" advanced="true">
		<item-type>Switch</item-type>
		<label>Input #1</label>
		<description>Input/Button state #1</description>
		<state readOnly="true">
		</state>
	</channel-type>
	<channel-type id="inputState2" advanced="true">
		<item-type>Switch</item-type>
		<label>Input #2</label>
		<description>Input/Button state #2</description>
		<state readOnly="true">
		</state>
	</channel-type>
	<channel-type id="dimmerBrightness">
		<item-type>Dimmer</item-type>
		<label>Brightness</label>
		<description>Light brightness in %</description>
		<category>DimmableLight</category>
	</channel-type>
	<channel-type id="meterWatts">
		<item-type>Number:Power</item-type>
		<label>Watt</label>
		<description>Current power consumption in Watt</description>
		<state readOnly="true" pattern="%.2f %unit%">
		</state>
	</channel-type>
	<channel-type id="meterAccuWatts" advanced="true">
		<item-type>Number:Power</item-type>
		<label>Accumulated Watt</label>
		<description>Accumulated current power consumption in Watt from all meters</description>
		<state readOnly="true" pattern="%.2f %unit%">
		</state>
	</channel-type>
	<channel-type id="meterAccuTotal" advanced="true">
		<item-type>Number:Power</item-type>
		<label>Accumulated Total</label>
		<description>Accumulated total power consumption from all meters</description>
		<state readOnly="true" pattern="%.3f %unit%">
		</state>
	</channel-type>
	<channel-type id="meterAccuReturned" advanced="true">
		<item-type>Number:Power</item-type>
		<label>Accumulated Returned</label>
		<description>Accumulated returned power consumption from all meters</description>
		<state readOnly="true" pattern="%.3f %unit%">
		</state>
	</channel-type>
	<channel-type id="meterReactive">
		<item-type>Number:Power</item-type>
		<label>Reactive Watt</label>
		<description>Instantaneous reactive power in Watts (W)</description>
		<state readOnly="true" pattern="%.3f %unit%">
		</state>
	</channel-type>
	<channel-type id="lastPower1" advanced="true">
		<item-type>Number:Energy</item-type>
		<label>Last Power #1</label>
		<description>Last power consumption #1 - one rounded minute</description>
		<state readOnly="true" pattern="%.3f %unit%">
		</state>
	</channel-type>
	<channel-type id="meterTotal">
		<item-type>Number:Energy</item-type>
		<label>Total Energy</label>
		<description>Total power consumption</description>
		<state readOnly="true" pattern="%.3f %unit%">
		</state>
	</channel-type>
	<channel-type id="meterReturned">
		<item-type>Number:Energy</item-type>
		<label>Total Returned Energy</label>
		<description>Total returned energy</description>
		<state readOnly="true" pattern="%.3f %unit%">
		</state>
	</channel-type>
	<channel-type id="meterVoltage">
		<item-type>Number:ElectricPotential</item-type>
		<label>Voltage</label>
		<description>RMS voltage, Volts </description>
		<state readOnly="true" pattern="%.3f %unit%">
		</state>
	</channel-type>
	<channel-type id="meterCurrent">
		<item-type>Number:ElectricPotential</item-type>
		<label>Current</label>
		<description>Current in A </description>
		<state readOnly="true" pattern="%.3f %unit%">
		</state>
	</channel-type>
	<channel-type id="meterPowerFactor">
		<item-type>Number</item-type>
		<label>Power Factor</label>
		<description></description>
		<state readOnly="true" pattern="%.3f %unit%">
		</state>
	</channel-type>
	<channel-type id="timestamp">
		<item-type>DateTime</item-type>
		<label>Last Update</label>
		<description>Timestamp of last measurement</description>
		<state readOnly="true">
		</state>
	</channel-type>
	<channel-type id="ledStatusDisable">
		<item-type>Switch</item-type>
		<label>Disable Status LED</label>
		<description>Disable LED indication for network status</description>
	</channel-type>
	<channel-type id="ledPowerDisable">
		<item-type>Switch</item-type>
		<label>Disable Power LED</label>
		<description>Disable LED indication for output status</description>
	</channel-type>
	<channel-type id="lastUpdate" advanced="true">
		<item-type>DateTime</item-type>
		<label>Last Update</label>
		<description>Timestamp of last status update</description>
		<state readOnly="true">
		</state>
	</channel-type>
	<channel-type id="eventTrigger">
		<kind>trigger</kind>
		<label>Event</label>
		<description>Event Trigger, e.g. button on/off, Output on/off</description>
		<event>
			<options>
				<option value="ROLLER_OPEN">Roller is open</option>
				<option value="ROLLER_CLOSE">Roller is closed</option>
				<option value="ROLLER_STOP">Roller has stopped</option>
			</options>
		</event>
	</channel-type>

</thing:thing-descriptions>
