<?xml version="1.0" encoding="UTF-8"?>
<thing:thing-descriptions bindingId="shelly"
	xmlns:xsi="http://www.w3.org/2001/XMLSchema-instance"
	xmlns:thing="https://openhab.org/schemas/thing-description/v1.0.0"
	xsi:schemaLocation="https://openhab.org/schemas/thing-description/v1.0.0 https://openhab.org/schemas/thing-description-1.0.0.xsd">

	<thing-type id="shellyht">
		<label>Shelly HT (SHHT-1)</label>
		<description>Shelly HT sensor device (battery powered)</description>

		<channel-groups>
			<channel-group id="sensors" typeId="htSensor"/>
			<channel-group id="battery" typeId="batteryStatus"/>
			<channel-group id="device" typeId="deviceStatus"/>
		</channel-groups>

		<config-description-ref uri="thing-type:shelly:battery"/>
	</thing-type>

	<thing-type id="shellysmoke">
		<label>Shelly Smoke</label>
		<description>Shelly Smoke sensor device (battery powered)</description>

		<channel-groups>
			<channel-group id="sensors" typeId="smokeSensor"/>
			<channel-group id="battery" typeId="batteryStatus"/>
			<channel-group id="device" typeId="deviceStatus"/>
		</channel-groups>

		<config-description-ref uri="thing-type:shelly:battery"/>
	</thing-type>

	<thing-type id="shellyflood">
		<label>Shelly Flood (SHWT-1)</label>
		<description>Shelly Flood Sensor (battery powered)</description>
		<channel-groups>
			<channel-group id="sensors" typeId="floodSensor"/>
			<channel-group id="battery" typeId="batteryStatus"/>
			<channel-group id="device" typeId="deviceStatus"/>
		</channel-groups>

		<config-description-ref uri="thing-type:shelly:battery"/>
	</thing-type>

	<thing-type id="shellydw">
		<label>Shelly Door/Window (SHDW-1)</label>
		<description>Shelly Door/Window Sensor (battery powered)</description>

		<channel-groups>
			<channel-group id="sensors" typeId="doorWinSensors"/>
			<channel-group id="battery" typeId="batteryStatus"/>
			<channel-group id="device" typeId="deviceStatus"/>
		</channel-groups>

		<config-description-ref uri="thing-type:shelly:battery"/>
	</thing-type>

	<thing-type id="shellysense">
		<label>Shelly Sense (SHSEN-1)</label>
		<description>Shelly Sense Remote IR Controller</description>
		<channel-groups>
			<channel-group id="control" typeId="senseControl"/>
			<channel-group id="sensors" typeId="senseSensors"/>
			<channel-group id="battery" typeId="batteryStatus"/>
			<channel-group id="device" typeId="deviceStatus"/>
		</channel-groups>

		<config-description-ref uri="thing-type:shelly:battery"/>
	</thing-type>

	<channel-group-type id="htSensor">
		<label>Sensor Data</label>
		<description>Data from the HT Sensor</description>
	</channel-group-type>

	<channel-group-type id="floodSensor">
		<label>Sensor Data</label>
		<description>Data from the Flood Sensor</description>
	</channel-group-type>

	<channel-group-type id="smokeSensor">
		<label>Sensor Data</label>
		<description>Data from the Flood Sensor</description>
	</channel-group-type>
	<channel-group-type id="doorWinSensors">
		<label>Sensors</label>
		<description>Data from the sensors</description>
	</channel-group-type>

	<channel-group-type id="senseSensors">
		<label>Sensors</label>
		<description>Data from the Sense sensors</description>
	</channel-group-type>
	<channel-group-type id="batteryStatus">
		<label>Battery Status</label>
	</channel-group-type>
	<channel-group-type id="senseControl">
		<label>Sense Control</label>
		<description>Sense Settings</description>
		<channels>
			<channel id="key" typeId="senseKey"/>
		</channels>
	</channel-group-type>


	<channel-type id="sensorState">
		<item-type>Contact</item-type>
		<label>Contact</label>
		<description>State of the contact: open/close</description>
		<category>Contact</category>
		<state pattern="%s" readOnly="true">
			<options>
				<option value="OPEN">Open</option>
				<option value="CLOSED">Closed</option>
			</options>
		</state>
	</channel-type>
	<channel-type id="sensorWakeup" advanced="true">
		<item-type>String</item-type>
		<label>Wakeup Reason</label>
		<description>Last reason, which woke up the device: battery, button, periodic, poweron, sensor, alarm</description>
		<state pattern="%s" readOnly="true">
			<options>
				<option value="button">Button</option>
				<option value="battery">Battery</option>
				<option value="periodic">Periodic</option>
				<option value="poweron">Power-On</option>
				<option value="sensor">Sensor</option>
				<option value="alarm">Alarm</option>
			</options>
		</state>
	</channel-type>

	<channel-type id="sensorTemp">
		<item-type>Number:Temperature</item-type>
		<label>Temperature</label>
		<description>Temperature from the sensor</description>
		<category>Temperature</category>
		<tags>
			<tag>CurrentTemperature</tag>
		</tags>
		<state readOnly="true" pattern="%f %unit%">
		</state>
	</channel-type>
	<channel-type id="sensorExtTemp">
		<item-type>Number:Temperature</item-type>
		<label>Temperature</label>
		<description>Temperature from the external sensor</description>
		<category>Temperature</category>
		<tags>
			<tag>CurrentTemperature</tag>
		</tags>
		<state readOnly="true" pattern="%f %unit%">
		</state>
	</channel-type>
	<channel-type id="sensorExtHum">
		<item-type>Number:Dimensionless</item-type>
		<label>Humidity</label>
		<description>Relative humidity in % (0..100%) from external sensor</description>
		<category>Humidity</category>
		<tags>
			<tag>CurrentHumidity</tag>
		</tags>
		<state readOnly="true" pattern="%f %unit%">
		</state>
	</channel-type>
	<channel-type id="sensorHumidity">
		<item-type>Number:Dimensionless</item-type>
		<label>Humidity</label>
		<description>Relative humidity in % (0..100%)</description>
		<tags>
			<tag>CurrentHumidity</tag>
		</tags>
		<state readOnly="true" min="0" max="100" pattern="%f %unit%"/>
	</channel-type>
	<channel-type id="sensorFlood">
		<item-type>Switch</item-type>
		<label>Flood Alarm</label>
		<description>ON: Indicates flood condition / water detected</description>
		<state readOnly="true">
		</state>
	</channel-type>
	<channel-type id="sensorSmoke">
		<item-type>Switch</item-type>
		<label>Smoke Alarm</label>
		<description>ON: Indicates smoke detection</description>
		<state readOnly="true">
		</state>
	</channel-type>
	<channel-type id="sensorLux">
		<item-type>Number:Illuminance</item-type>
		<label>Lux</label>
		<description>Brightness from the sensor (Lux)</description>
		<state readOnly="true" pattern="%f %unit%">
		</state>
	</channel-type>
	<channel-type id="sensorIllumination">
		<item-type>String</item-type>
		<label>Illumination</label>
		<description>Current illumination: dark/twilight/bright</description>
		<state readOnly="true">
			<options>
				<option value="dark">Dark</option>
				<option value="twilight">Twilight</option>
				<option value="bright">Bright</option>
			</options>
		</state>
	</channel-type>
	<channel-type id="sensorVibration">
		<item-type>Switch</item-type>
		<label>Vibration</label>
		<description>ON: Vibration detected</description>
		<state readOnly="true">
		</state>
	</channel-type>
	<channel-type id="sensorTilt">
		<item-type>Switch</item-type>
		<label>Tilt</label>
		<description>Tilt in degrees (requires calibration)</description>
		<state readOnly="true">
		</state>
	</channel-type>
	<channel-type id="sensorError">
		<item-type>String</item-type>
		<label>Last Error</label>
		<description>Only valid in case of error</description>
		<state readOnly="true">
		</state>
	</channel-type>

	<channel-type id="senseKey">
		<item-type>String</item-type>
		<label>IR Key to Send</label>
		<description>Send a defined key code</description>
	</channel-type>

</thing:thing-descriptions>
